Auto-update on Fri Apr  4 11:08:44 UTC 2025
Auto-update on Sat Apr  5 01:08:23 UTC 2025
Auto-update on Sun Apr  6 01:13:51 UTC 2025
Auto-update on Mon Apr  7 01:12:00 UTC 2025
Auto-update on Tue Apr  8 01:09:48 UTC 2025
Auto-update on Wed Apr  9 01:09:56 UTC 2025
Auto-update on Thu Apr 10 01:09:54 UTC 2025
Auto-update on Fri Apr 11 01:10:31 UTC 2025
Auto-update on Sat Apr 12 01:09:01 UTC 2025
Auto-update on Sun Apr 13 02:38:11 UTC 2025
Auto-update on Mon Apr 14 01:13:18 UTC 2025
Auto-update on Tue Apr 15 01:12:30 UTC 2025
Auto-update on Wed Apr 16 01:11:49 UTC 2025
Auto-update on Thu Apr 17 01:10:53 UTC 2025
Auto-update on Fri Apr 18 01:10:14 UTC 2025
Auto-update on Sat Apr 19 01:08:08 UTC 2025
Auto-update on Sun Apr 20 01:15:50 UTC 2025
Auto-update on Mon Apr 21 01:14:26 UTC 2025
Auto-update on Tue Apr 22 01:11:10 UTC 2025
Auto-update on Wed Apr 23 01:11:39 UTC 2025
Auto-update on Thu Apr 24 01:11:50 UTC 2025
Auto-update on Fri Apr 25 01:12:07 UTC 2025
Auto-update on Sat Apr 26 01:09:34 UTC 2025
Auto-update on Sun Apr 27 01:15:53 UTC 2025
Auto-update on Mon Apr 28 01:13:58 UTC 2025
Auto-update on Tue Apr 29 01:12:07 UTC 2025
Auto-update on Wed Apr 30 01:12:25 UTC 2025
Auto-update on Thu May  1 01:18:58 UTC 2025
Auto-update on Fri May  2 01:12:37 UTC 2025
Auto-update on Sat May  3 01:10:54 UTC 2025
Auto-update on Sun May  4 01:19:25 UTC 2025
Auto-update on Mon May  5 01:15:38 UTC 2025
Auto-update on Tue May  6 01:13:14 UTC 2025
Auto-update on Wed May  7 01:13:25 UTC 2025
Auto-update on Thu May  8 01:14:04 UTC 2025
Auto-update on Fri May  9 01:13:28 UTC 2025
Auto-update on Sat May 10 01:10:51 UTC 2025
Auto-update on Sun May 11 01:18:02 UTC 2025
Auto-update on Mon May 12 01:16:17 UTC 2025
Auto-update on Tue May 13 01:14:47 UTC 2025
Auto-update on Wed May 14 01:13:27 UTC 2025
Auto-update on Thu May 15 01:11:31 UTC 2025
Auto-update on Fri May 16 01:14:34 UTC 2025
Auto-update on Sat May 17 01:12:48 UTC 2025
Auto-update on Sun May 18 01:18:59 UTC 2025
Auto-update on Mon May 19 01:17:33 UTC 2025
Auto-update on Tue May 20 01:15:28 UTC 2025
Auto-update on Wed May 21 01:14:50 UTC 2025
Auto-update on Thu May 22 01:14:15 UTC 2025
Auto-update on Fri May 23 01:14:12 UTC 2025
Auto-update on Sat May 24 01:11:30 UTC 2025
Auto-update on Sun May 25 01:20:47 UTC 2025
Auto-update on Mon May 26 01:16:20 UTC 2025
Auto-update on Tue May 27 01:13:52 UTC 2025
Auto-update on Wed May 28 01:15:09 UTC 2025
Auto-update on Thu May 29 01:14:56 UTC 2025
Auto-update on Fri May 30 01:13:01 UTC 2025
Auto-update on Sat May 31 01:13:03 UTC 2025
Auto-update on Sun Jun  1 01:28:11 UTC 2025
Auto-update on Mon Jun  2 01:18:07 UTC 2025
Auto-update on Tue Jun  3 01:16:15 UTC 2025
Auto-update on Wed Jun  4 01:15:55 UTC 2025
Auto-update on Thu Jun  5 01:15:06 UTC 2025
Auto-update on Fri Jun  6 01:15:07 UTC 2025
Auto-update on Sat Jun  7 01:14:30 UTC 2025
Auto-update on Sun Jun  8 01:22:18 UTC 2025
Auto-update on Mon Jun  9 01:19:35 UTC 2025
Auto-update on Tue Jun 10 01:16:54 UTC 2025
Auto-update on Wed Jun 11 01:16:43 UTC 2025
Auto-update on Thu Jun 12 01:15:29 UTC 2025
Auto-update on Fri Jun 13 01:16:30 UTC 2025
Auto-update on Sat Jun 14 01:13:41 UTC 2025
Auto-update on Sun Jun 15 01:24:05 UTC 2025
Auto-update on Mon Jun 16 01:18:42 UTC 2025
Auto-update on Tue Jun 17 01:16:43 UTC 2025
Auto-update on Wed Jun 18 01:16:06 UTC 2025
Auto-update on Thu Jun 19 01:16:35 UTC 2025
Auto-update on Fri Jun 20 01:15:59 UTC 2025
Auto-update on Sat Jun 21 01:14:57 UTC 2025
Auto-update on Sun Jun 22 01:23:19 UTC 2025
Auto-update on Mon Jun 23 01:20:58 UTC 2025
Auto-update on Tue Jun 24 01:16:57 UTC 2025
Auto-update on Wed Jun 25 01:17:29 UTC 2025
Auto-update on Thu Jun 26 01:16:18 UTC 2025
Auto-update on Fri Jun 27 01:17:22 UTC 2025
Auto-update on Sat Jun 28 01:14:35 UTC 2025
Auto-update on Sun Jun 29 01:24:54 UTC 2025
Auto-update on Mon Jun 30 01:21:21 UTC 2025
Auto-update on Tue Jul  1 01:25:10 UTC 2025
Auto-update on Wed Jul  2 01:17:07 UTC 2025
Auto-update on Thu Jul  3 01:17:12 UTC 2025
Auto-update on Fri Jul  4 01:16:41 UTC 2025
Auto-update on Sat Jul  5 01:14:05 UTC 2025
Auto-update on Sun Jul  6 01:23:42 UTC 2025
Auto-update on Mon Jul  7 01:21:27 UTC 2025
Auto-update on Tue Jul  8 01:17:36 UTC 2025
Auto-update on Wed Jul  9 01:18:27 UTC 2025
Auto-update on Thu Jul 10 01:18:30 UTC 2025
Auto-update on Fri Jul 11 01:19:24 UTC 2025
Auto-update on Sat Jul 12 01:20:43 UTC 2025
Auto-update on Sun Jul 13 01:26:17 UTC 2025
Auto-update on Mon Jul 14 01:22:42 UTC 2025
Auto-update on Tue Jul 15 01:23:02 UTC 2025
Auto-update on Wed Jul 16 01:20:24 UTC 2025
Auto-update on Thu Jul 17 01:21:16 UTC 2025
Auto-update on Fri Jul 18 01:20:36 UTC 2025
Auto-update on Sat Jul 19 01:18:27 UTC 2025
Auto-update on Sun Jul 20 01:27:56 UTC 2025
Auto-update on Mon Jul 21 01:25:14 UTC 2025
Auto-update on Tue Jul 22 01:20:58 UTC 2025
Auto-update on Wed Jul 23 01:22:12 UTC 2025
Auto-update on Thu Jul 24 01:21:28 UTC 2025
Auto-update on Fri Jul 25 01:21:04 UTC 2025
Auto-update on Sat Jul 26 01:19:17 UTC 2025
Auto-update on Sun Jul 27 01:28:22 UTC 2025
Auto-update on Mon Jul 28 01:26:28 UTC 2025
Auto-update on Tue Jul 29 01:40:47 UTC 2025
Auto-update on Wed Jul 30 01:22:57 UTC 2025
Auto-update on Thu Jul 31 01:22:31 UTC 2025
Auto-update on Fri Aug  1 01:40:45 UTC 2025
Auto-update on Sat Aug  2 01:19:06 UTC 2025
Auto-update on Sun Aug  3 01:38:36 UTC 2025
Auto-update on Mon Aug  4 01:28:22 UTC 2025
Auto-update on Tue Aug  5 01:24:41 UTC 2025
Auto-update on Wed Aug  6 01:22:57 UTC 2025
Auto-update on Thu Aug  7 01:23:36 UTC 2025
Auto-update on Fri Aug  8 01:23:08 UTC 2025
Auto-update on Sat Aug  9 01:16:40 UTC 2025
Auto-update on Sun Aug 10 01:27:11 UTC 2025
Auto-update on Mon Aug 11 01:23:54 UTC 2025
Auto-update on Tue Aug 12 01:15:54 UTC 2025
Auto-update on Wed Aug 13 01:17:32 UTC 2025
Auto-update on Thu Aug 14 01:17:42 UTC 2025
Auto-update on Fri Aug 15 01:18:13 UTC 2025
Auto-update on Sat Aug 16 01:14:20 UTC 2025
Auto-update on Sun Aug 17 01:22:55 UTC 2025
Auto-update on Mon Aug 18 01:22:12 UTC 2025
Auto-update on Tue Aug 19 01:14:28 UTC 2025
Auto-update on Wed Aug 20 01:12:23 UTC 2025
Auto-update on Thu Aug 21 01:11:28 UTC 2025
Auto-update on Fri Aug 22 01:12:25 UTC 2025
Auto-update on Sat Aug 23 01:09:50 UTC 2025
Auto-update on Sun Aug 24 01:20:04 UTC 2025
Auto-update on Mon Aug 25 01:15:26 UTC 2025
Auto-update on Tue Aug 26 01:13:28 UTC 2025
Auto-update on Wed Aug 27 01:10:56 UTC 2025
Auto-update on Thu Aug 28 01:10:29 UTC 2025
Auto-update on Fri Aug 29 01:10:28 UTC 2025
Auto-update on Sat Aug 30 01:06:52 UTC 2025
Auto-update on Sun Aug 31 01:15:07 UTC 2025
Auto-update on Mon Sep  1 01:21:54 UTC 2025
Auto-update on Tue Sep  2 01:11:21 UTC 2025
Auto-update on Wed Sep  3 01:07:27 UTC 2025
Auto-update on Thu Sep  4 01:07:02 UTC 2025
Auto-update on Fri Sep  5 01:08:53 UTC 2025
Auto-update on Sat Sep  6 01:06:47 UTC 2025
Auto-update on Sun Sep  7 01:13:58 UTC 2025
Auto-update on Mon Sep  8 01:12:42 UTC 2025
Auto-update on Tue Sep  9 01:09:54 UTC 2025
Auto-update on Wed Sep 10 01:07:46 UTC 2025
Auto-update on Thu Sep 11 01:09:39 UTC 2025
Auto-update on Fri Sep 12 01:06:33 UTC 2025
Auto-update on Sat Sep 13 01:03:51 UTC 2025
Auto-update on Sun Sep 14 01:13:29 UTC 2025
Auto-update on Mon Sep 15 01:13:39 UTC 2025
Auto-update on Tue Sep 16 01:07:35 UTC 2025
Auto-update on Wed Sep 17 01:07:33 UTC 2025
Auto-update on Thu Sep 18 01:07:19 UTC 2025
Auto-update on Fri Sep 19 01:09:36 UTC 2025
Auto-update on Sat Sep 20 01:06:09 UTC 2025
Auto-update on Sun Sep 21 01:15:14 UTC 2025
Auto-update on Mon Sep 22 01:14:23 UTC 2025
Auto-update on Tue Sep 23 01:08:00 UTC 2025
Auto-update on Wed Sep 24 01:08:53 UTC 2025
Auto-update on Thu Sep 25 01:09:42 UTC 2025
Auto-update on Fri Sep 26 01:09:23 UTC 2025
Auto-update on Sat Sep 27 01:06:07 UTC 2025
Auto-update on Sun Sep 28 01:16:04 UTC 2025
Auto-update on Mon Sep 29 01:11:09 UTC 2025
Auto-update on Tue Sep 30 01:10:21 UTC 2025
Auto-update on Wed Oct  1 01:17:15 UTC 2025
Auto-update on Thu Oct  2 01:07:45 UTC 2025
Auto-update on Fri Oct  3 01:07:30 UTC 2025
Auto-update on Sat Oct  4 01:05:09 UTC 2025
Auto-update on Sun Oct  5 01:15:15 UTC 2025
Auto-update on Mon Oct  6 01:10:06 UTC 2025
Auto-update on Tue Oct  7 01:08:49 UTC 2025
Auto-update on Wed Oct  8 01:08:25 UTC 2025
Auto-update on Thu Oct  9 01:09:17 UTC 2025
Auto-update on Fri Oct 10 01:09:24 UTC 2025
Auto-update on Sat Oct 11 01:06:18 UTC 2025
Auto-update on Sun Oct 12 01:12:28 UTC 2025
Auto-update on Mon Oct 13 01:14:07 UTC 2025
Auto-update on Tue Oct 14 01:09:20 UTC 2025
Auto-update on Wed Oct 15 01:11:22 UTC 2025
Auto-update on Thu Oct 16 01:10:39 UTC 2025
Auto-update on Fri Oct 17 01:10:16 UTC 2025
Auto-update on Sat Oct 18 01:06:57 UTC 2025
Auto-update on Sun Oct 19 01:18:33 UTC 2025
Auto-update on Mon Oct 20 01:15:44 UTC 2025
Auto-update on Tue Oct 21 01:12:43 UTC 2025
Auto-update on Wed Oct 22 01:13:50 UTC 2025
Auto-update on Thu Oct 23 01:12:06 UTC 2025
Auto-update on Fri Oct 24 01:08:23 UTC 2025
Auto-update on Sat Oct 25 01:09:25 UTC 2025
Auto-update on Sun Oct 26 01:16:30 UTC 2025
Auto-update on Mon Oct 27 01:18:00 UTC 2025
Auto-update on Tue Oct 28 01:10:45 UTC 2025
Auto-update on Wed Oct 29 01:15:47 UTC 2025
Auto-update on Thu Oct 30 01:15:18 UTC 2025
Auto-update on Fri Oct 31 01:12:59 UTC 2025
Auto-update on Sat Nov  1 01:17:04 UTC 2025
Auto-update on Sun Nov  2 01:17:46 UTC 2025
Auto-update on Mon Nov  3 01:16:20 UTC 2025
Auto-update on Tue Nov  4 01:13:25 UTC 2025
Auto-update on Wed Nov  5 01:15:01 UTC 2025
Auto-update on Thu Nov  6 01:14:36 UTC 2025
Auto-update on Fri Nov  7 01:13:45 UTC 2025
Auto-update on Sat Nov  8 01:10:21 UTC 2025
Auto-update on Sun Nov  9 01:17:12 UTC 2025
Auto-update on Mon Nov 10 01:17:18 UTC 2025
Auto-update on Tue Nov 11 01:14:56 UTC 2025
Auto-update on Wed Nov 12 01:14:35 UTC 2025
Auto-update on Thu Nov 13 01:15:04 UTC 2025
Auto-update on Fri Nov 14 01:14:10 UTC 2025
Auto-update on Sat Nov 15 01:12:37 UTC 2025
Auto-update on Sun Nov 16 01:19:11 UTC 2025
Auto-update on Mon Nov 17 01:15:23 UTC 2025
Auto-update on Tue Nov 18 01:14:30 UTC 2025
Auto-update on Wed Nov 19 01:14:14 UTC 2025
Auto-update on Thu Nov 20 01:12:54 UTC 2025
Auto-update on Fri Nov 21 01:13:44 UTC 2025
Auto-update on Sat Nov 22 01:11:14 UTC 2025
Auto-update on Sun Nov 23 01:23:57 UTC 2025
Auto-update on Mon Nov 24 01:19:11 UTC 2025
Auto-update on Tue Nov 25 01:14:34 UTC 2025
Auto-update on Wed Nov 26 01:14:53 UTC 2025
Auto-update on Thu Nov 27 01:13:45 UTC 2025
Auto-update on Fri Nov 28 01:12:43 UTC 2025
Auto-update on Sat Nov 29 01:13:06 UTC 2025
Auto-update on Sun Nov 30 01:23:29 UTC 2025
Auto-update on Mon Dec  1 01:27:59 UTC 2025
Auto-update on Tue Dec  2 01:16:10 UTC 2025
Auto-update on Wed Dec  3 01:16:31 UTC 2025
Auto-update on Thu Dec  4 01:16:25 UTC 2025
Auto-update on Fri Dec  5 01:16:57 UTC 2025
Auto-update on Sat Dec  6 01:13:02 UTC 2025
Auto-update on Sun Dec  7 01:23:38 UTC 2025
Auto-update on Mon Dec  8 01:17:02 UTC 2025
Auto-update on Tue Dec  9 01:16:31 UTC 2025
Auto-update on Wed Dec 10 01:18:11 UTC 2025
Auto-update on Thu Dec 11 01:18:57 UTC 2025
Auto-update on Fri Dec 12 01:18:52 UTC 2025
Auto-update on Sat Dec 13 01:14:12 UTC 2025
Auto-update on Sun Dec 14 01:23:57 UTC 2025
Auto-update on Mon Dec 15 01:21:07 UTC 2025
Auto-update on Tue Dec 16 01:19:44 UTC 2025
Auto-update on Wed Dec 17 01:14:40 UTC 2025
Auto-update on Thu Dec 18 01:15:33 UTC 2025
Auto-update on Fri Dec 19 01:19:01 UTC 2025
Auto-update on Sat Dec 20 01:14:58 UTC 2025
Auto-update on Sun Dec 21 01:23:53 UTC 2025
Auto-update on Mon Dec 22 01:22:08 UTC 2025
Auto-update on Tue Dec 23 01:18:52 UTC 2025
Auto-update on Wed Dec 24 01:17:58 UTC 2025
Auto-update on Thu Dec 25 01:18:56 UTC 2025
Auto-update on Fri Dec 26 01:19:04 UTC 2025
Auto-update on Sat Dec 27 01:17:03 UTC 2025
Auto-update on Sun Dec 28 01:27:35 UTC 2025
Auto-update on Mon Dec 29 01:25:01 UTC 2025
Auto-update on Tue Dec 30 01:19:28 UTC 2025
Auto-update on Wed Dec 31 01:20:23 UTC 2025
Auto-update on Thu Jan  1 01:27:25 UTC 2026
Auto-update on Fri Jan  2 01:20:57 UTC 2026
Auto-update on Sat Jan  3 01:16:25 UTC 2026
Auto-update on Sun Jan  4 01:28:34 UTC 2026
Auto-update on Mon Jan  5 01:26:57 UTC 2026
Auto-update on Tue Jan  6 01:20:47 UTC 2026
Auto-update on Wed Jan  7 01:21:01 UTC 2026
Auto-update on Thu Jan  8 01:21:43 UTC 2026
Auto-update on Fri Jan  9 01:21:29 UTC 2026
Auto-update on Sat Jan 10 01:19:14 UTC 2026
